Nombre,Alias,Posición,Club,Nación,Liga,OVR,PAC,SHO,PAS,DRI,DEF,PHY,Precio
Hendry Blank,Blank,CB++,RB Salzburg,Germany,Ö. Bundesliga,64,67,33,46,54,64,65,-1
Israel Suero Fernández,Suero Fernández,CAM++,CD Castellón,Spain,LALIGA HYPERMOTION,64,65,61,63,68,30,46,-1
Martin Šviderský,Šviderský,CDM++,UD Almería,Slovakia,LALIGA HYPERMOTION,64,66,47,61,62,62,62,-1
Miłosz Szczepański,Szczepański,CAM++,Piast Gliwice,Poland,PKO BP Ekstraklasa,64,81,56,62,66,36,58,-1
Michał Szromnik,Szromnik,GK++,Górnik Zabrze,Poland,PKO BP Ekstraklasa,64,64,60,62,68,48,60,-1
Tomoki Takamine,Takamine,CDM++,KV Kortrijk,Japan,1A Pro League,64,59,54,59,63,58,70,-1
Callum Talbot,Talbot,RB++,Melbourne City,Australia,A-League,64,78,42,57,63,57,67,-1
Atomu Tanaka,Tanaka,CAM++,HJK Helsinki,Japan,Finnliiga,64,67,58,62,67,56,60,-1
Adil Taoui,Taoui,LM++,LASK,France,Ö. Bundesliga,64,69,62,57,68,24,54,-1
Borys Tashchy,Tashchy,CAM++,FC Erzgebirge Aue,Ukraine,3. Liga,64,64,62,61,62,35,75,-1
Lyle Taylor,Taylor,ST++,Colchester,Montserrat,EFL League Two,64,69,64,57,63,38,62,-1
Allan Tchaptchet,Tchaptchet,CB++,Grenoble Foot 38,France,Ligue 2 BKT,64,54,33,42,44,64,76,-1
Iuri Antônio Teixeira Tavares,Iuri Tavares,LW++,Charlotte FC,Cape Verde Islands,MLS,64,69,58,64,67,25,57,-1
George Thomas,Thomas,CAM++,Cambridge Utd,Wales,EFL League One,64,77,61,62,67,58,62,-1
Terell Thomas,Thomas,CB++,Carlisle United,St. Lucia,EFL League Two,64,59,39,54,56,63,73,-1
Titouan Thomas,Thomas,CM++,Stade Lavallois,France,Ligue 2 BKT,64,63,56,62,63,60,67,-1
Ben Thompson,Thompson,CM++,Stevenage,England,EFL League One,64,69,59,61,66,61,67,-1
Nathan Thompson,Thompson,CB++,Stevenage,England,EFL League One,64,68,38,52,59,63,76,-1
Liam Thompson,Thompson,CDM++,Derby County,England,EFL Championship,64,60,46,61,64,61,53,-1
Dagur Dan Þór­halls­son,Þór­halls­son,RB++,Orlando City,Iceland,MLS,64,70,52,58,67,58,58,-1
James Tilley,Tilley,RM++,AFC Wimbledon,England,EFL League Two,64,75,61,59,65,50,52,-1
Alex Timossi Andersson,Timossi Andersson,RM++,Brommapojkarna,Sweden,Allsvenskan,64,86,57,59,64,30,51,-1
Kacper Tobiasz,Tobiasz,GK++,Legia Warszawa,Poland,PKO BP Ekstraklasa,64,64,60,57,68,28,64,-1
Noel Törnqvist,Törnqvist,GK++,Mjällby AIF,Sweden,Allsvenskan,64,64,65,63,63,46,64,-1
Ben Hamed Touré,Touré,ST++,AC Ajaccio,Côte d'Ivoire,Ligue 2 BKT,64,60,65,51,62,26,61,-1
Mohamed Touré,Touré,ST++,Randers FC,Australia,3F Superliga,64,85,60,52,65,31,66,-1
Ryley Towler,Towler,CB++,Portsmouth,England,EFL Championship,64,66,36,50,56,63,71,-1
Kristijan Trapanovski,Trapanovski,LW++,Dundee United,North Macedonia,cinch Prem,64,67,61,62,64,33,61,-1
Pol Tristán Jiménez,Tristán,GK++,Granada CF,Spain,LALIGA HYPERMOTION,64,62,62,62,66,28,61,-1
Antonis Tsiftsis,Tsiftsis,GK++,PAOK FC,Greece,Hellas Liga,64,68,60,63,67,29,62,-1
Grigore Turda,Turda,CB++,FC Gloria Buzău,Romania,SUPERLIGA,64,72,34,45,41,63,71,-1
Ed Turns,Turns,CB++,Brighton,Wales,Premier League,64,59,30,44,52,63,71,-1
Henrik Udahl,Udahl,ST++,HamKam Fotball,Norway,Eliteserien,64,72,64,47,60,23,69,-1
Oğulcan Ülgün,Ülgün,CDM++,Konyaspor,Türkiye,Trendyol Süper Lig,64,65,53,62,62,59,67,-1
Dario Ulrich,Ulrich,RM++,FC Luzern,Switzerland,CSSL,64,67,61,60,65,61,52,-1
Dan Peter Ulvestad,Ulvestad,CB++,Kristiansund BK,Norway,Eliteserien,64,32,44,48,44,63,73,-1
Ely Valderrey,Valderrey,LM++,Metropolitanos,Venezuela,Sudamericana,64,72,61,61,62,60,66,-1
Gastón Valles,Valles,ST++,FC Cartagena,Uruguay,LALIGA HYPERMOTION,64,68,63,55,62,30,68,-1
Koen Van Langendonck,Van Langendonck,GK++,KVC Westerlo,Belgium,1A Pro League,64,63,63,64,60,27,67,-1
Éric Vandenabeele,Vandenabeele,CB++,Rodez AF,France,Ligue 2 BKT,64,38,38,43,49,64,70,-1
Jeisson Vargas,Vargas,CAM++,Huachipato,Chile,Libertadores,64,65,59,62,68,35,57,-1
Ricardo José Varzim Miranda,Ricardinho,RB++,FC Petrolul,Portugal,SUPERLIGA,64,67,55,58,59,61,72,-1
Eric Veiga,Veiga,LB++,AVS Futebol SAD,Luxembourg,Liga Portugal,64,68,38,61,64,62,59,-1
Igor Vekič,Vekič,GK++,Vejle Boldklub,Slovenia,3F Superliga,64,63,64,68,67,30,62,-1
Josh Vela,Vela,CM++,Carlisle United,England,EFL League Two,64,61,59,62,63,61,80,-1
Samuel Velásquez,Velásquez,LB++,Atl. Nacional,Colombia,Liga Colombia,64,66,30,55,59,59,50,-1
Stefan Velkov,Velkov,CB++,Vejle Boldklub,Bulgaria,3F Superliga,64,58,41,49,55,62,74,-1
Nishan Velupillay,Velupillay,LM++,Melb. Victory,Australia,A-League,64,92,54,55,68,34,56,-1
Fredy Vera,Vera,RM++,Ind. Rivadavia,Paraguay,LPF,64,79,59,56,62,38,58,-1
Matthias Verreth,Verreth,CAM++,Brisigonza,Belgium,Serie BKT,64,71,62,62,67,37,59,-1
Gaute Vetti,Vetti,CM++,FK Bodø/Glimt,Norway,Eliteserien,64,56,49,61,64,61,64,-1
Mauro Vigorito,Vigorito,GK++,Como,Italy,Serie A TIM,64,63,63,60,65,39,65,-1
Alexis Villalba,Villalba,CB++,Sportivo Luqueño,Paraguay,Sudamericana,64,69,50,57,62,65,62,-1
Miguel Villar Alonso,Miki Villar,RM++,Jagiellonia,Spain,PKO BP Ekstraklasa,64,78,64,57,65,31,60,-1
Sam Vokes,Vokes,ST++,Wycombe,Wales,EFL League One,64,35,64,57,56,42,81,-1
Leonardo Vonić,Vonić,ST++,Rot-Weiss Essen,Croatia,3. Liga,64,71,62,43,66,25,66,-1
Andrija Vukčević,Vukčević,LB++,FC Cartagena,Montenegro,LALIGA HYPERMOTION,64,67,51,57,58,61,69,-1
Luka Vušković,Vušković,CB++,KVC Westerlo,Croatia,1A Pro League,64,61,62,50,58,59,75,-1
Ben Waine,Waine,ST++,Plymouth Argyle,New Zealand,EFL Championship,64,82,63,55,63,44,75,-1
Tim Waker,Waker,LB++,Brommapojkarna,Sweden,Allsvenskan,64,90,57,58,61,56,68,-1
Jamie Walker,Walker,CAM++,Bradford City,Scotland,EFL League Two,64,78,60,63,67,53,67,-1
Gang Wang,Wang Gang,RB++,Beijing Guoan,China PR,CSL,64,74,55,55,61,60,77,-1
Tennai Watson,Watson,RB++,Charlton Ath,England,EFL League One,64,72,39,55,59,59,60,-1
Tony Watt,Watt,ST++,Motherwell,Scotland,cinch Prem,64,71,65,61,64,46,73,-1
Diego Wayar,Wayar,CDM++,The Strongest,Bolivia,Libertadores,64,61,40,58,58,64,51,-1
Jensen Weir,Weir,CM++,Brighton,England,Premier League,64,67,63,60,64,58,61,-1
Sem Westerveld,Westerveld,GK++,AZ,Spain,Eredivisie,64,65,63,61,66,28,64,-1
Ethan Wheatley,Wheatley,ST++,Manchester Utd,England,Premier League,64,72,64,49,63,31,63,-1
Ben Whitfield,Whitfield,RM++,Burton Albion,England,EFL League One,64,83,60,59,66,49,50,-1
Ben Wiles,Wiles,CM++,Huddersfield,England,EFL League One,64,44,58,64,65,59,61,-1
Brynjólfur Willumsson,Willumsson,ST++,FC Groningen,Iceland,Eredivisie,64,70,63,54,64,38,70,-1
James Wilson,Wilson,CB++,Bristol Rovers,Wales,EFL League One,64,51,38,49,48,63,75,-1
Freddy Winsth,Winsth,RB++,IFK Värnamo,Sweden,Allsvenskan,64,67,31,52,59,58,69,-1
Nils Winter,Winter,RB++,Aleman. Aachen,Germany,3. Liga,64,73,56,60,59,59,70,-1
Casper Winther,Winther,CM++,Lyngby BK,Denmark,3F Superliga,64,63,55,61,67,56,60,-1
Jayden Fevrier,Fevrier,RW++,Stockport,England,EFL League One,64,91,55,56,65,51,78,-1
Sebastián Figueredo,Figueredo,RB++,Wanderers,Uruguay,Sudamericana,64,71,41,54,54,61,63,-1
Lewis Fiorini,Fiorini,CM++,Stockport,Scotland,EFL League One,64,67,59,60,66,55,59,-1
Jack Fitzwater,Fitzwater,CB++,Exeter City,England,EFL League One,64,65,37,48,54,64,69,-1
Tom Flanagan,Flanagan,CB++,Colchester,Northern Ireland,EFL League Two,64,43,34,49,47,63,77,-1
Josh Flint,Flint,CB++,Crawley Town,England,EFL League One,64,75,44,56,60,64,66,-1
Francisco Flores,Flores,CB++,Atlético Tucumán,Argentina,LPF,64,67,36,56,59,62,74,-1
Ian Forns Montes,Ian Forns,LB++,RCD Espanyol,Spain,LALIGA EA SPORTS,64,83,53,57,65,57,59,-1
Jake Forster-Caskey,Forster-Caskey,CM++,Stevenage,England,EFL League One,64,62,60,65,65,57,63,-1
Antonio Foti,Foti,CAM++,B. Dortmund II,Cyprus,3. Liga,64,68,60,60,67,52,55,-1
Guillaume François,François,RB++,R. Union St.-G.,Belgium,1A Pro League,64,60,57,61,66,63,63,-1
Ivan Franjic,Franjic,CAM++,Wehen Wiesbaden,Croatia,3. Liga,64,68,58,62,65,29,55,-1
Liam Fraser,Fraser,CDM++,FC Dallas,Canada,MLS,64,60,35,59,59,61,74,-1
Nick Freeman,Freeman,CM++,Stevenage,England,EFL League One,64,71,57,62,66,54,59,-1
Lewis Freestone,Freestone,CB++,Stevenage,England,EFL League One,64,75,33,50,58,62,76,-1
Toni Fuidias Ribera,Toni Fuidias,GK++,FC Cartagena,Spain,LALIGA HYPERMOTION,64,65,64,62,63,30,63,-1
James Furlong,Furlong,LB++,AFC Wimbledon,Republic of Ireland,EFL League Two,64,67,32,59,62,60,55,-1
Ethan Galbraith,Galbraith,CAM++,Leyton Orient,Northern Ireland,EFL League One,64,72,59,62,66,61,60,-1
Pedro Galindo,Galindo,GK++,Real Tomayapo,Bolivia,Sudamericana,64,67,65,62,63,46,61,-1
Marco Gantschnig,Gantschnig,CB++,Grazer AK,Austria,Ö. Bundesliga,64,54,46,51,56,64,63,-1
Matthew Garbett,Garbett,CAM++,NAC Breda,New Zealand,Eredivisie,64,73,60,61,66,51,66,-1
Luke Garbutt,Garbutt,LB++,Salford City,England,EFL League Two,64,67,53,62,60,61,64,-1
Luka Gavran,Gavran,GK++,Toronto FC,Canada,MLS,64,64,66,66,63,28,62,-1
Timur Gayret,Gayret,CAM++,SC Verl,Germany,3. Liga,64,69,58,59,66,42,57,-1
Simon Gefvert,Gefvert,RB++,Västerås SK,Sweden,Allsvenskan,64,78,53,60,64,55,65,-1
Aitor Gelardo Vegara,Gelardo,CM++,Racing de Ferrol,Spain,LALIGA HYPERMOTION,64,64,56,63,64,51,55,-1
Georgie Gent,Gent,LB++,Barnsley,England,EFL League One,64,85,48,58,64,55,57,-1
Tyrique George,George,LM++,Chelsea,England,Premier League,64,81,62,58,68,32,52,-1
Alberto Gerbo,Gerbo,CM++,SS Juve Stabia,Italy,Serie BKT,64,78,52,63,70,50,62,-1
Thomas Geyer,Geyer,CB++,SSV Ulm 1846,Germany,Bundesliga 2,64,66,25,44,54,65,67,-1
Ion Gheorghe,Gheorghe,LM++,FC Gloria Buzău,Romania,SUPERLIGA,64,84,58,60,64,44,60,-1
Simone Ghidotti,Ghidotti,GK++,Sampdoria,Italy,Serie BKT,64,66,64,59,64,35,63,-1
Óscar Gil Osés,Óscar Gil,CB++,CD Castellón,Spain,LALIGA HYPERMOTION,64,46,43,57,53,64,66,-1
Andrea Giorgini,Giorgini,CB++,Südtirol,Italy,Serie BKT,64,58,28,51,56,62,75,-1
Edvinas Girdvainis,Girdvainis,CB++,SV Sandhausen,Lithuania,3. Liga,64,54,25,48,43,62,73,-1
Ian Glavinovich,Glavinovich,CB++,Newell's,Argentina,LPF,64,63,32,53,53,66,62,-1
Michael Glück,Glück,CB++,VfB Stuttgart II,Austria,3. Liga,64,62,27,43,50,64,66,-1
Marcus Godinho,Godinho,LB++,Korona Kielce,Canada,PKO BP Ekstraklasa,64,75,31,55,68,57,65,-1
Fernando Godoy,Godoy,CM++,Sarmiento,Argentina,LPF,64,58,55,62,63,64,68,-1
Alan Godoy Domínguez,Alan Godoy,ST++,CD Eldense,Spain,LALIGA HYPERMOTION,64,74,62,48,68,31,60,-1
Udoka Godwin-Malife,Godwin-Malife,CB++,Burton Albion,England,EFL League One,64,81,32,53,59,61,75,-1
Nicolás Goitea,Goitea,CB++,Delfín S.C.,Argentina,Sudamericana,64,57,24,42,51,66,62,-1
Luka Gojković,Gojković,CAM++,FC Rapid 1923,Serbia,SUPERLIGA,64,69,56,64,66,33,54,-1
Julian Gölles,Gölles,RB++,Blau-Weiss Linz,Austria,Ö. Bundesliga,64,74,54,54,58,61,69,-1
David José Gomes O. Tavares,David Tavares,CM++,FC Gloria Buzău,Cape Verde Islands,SUPERLIGA,64,72,56,59,67,59,74,-1
Erick Gonzáles,Gonzáles,CDM++,Dep. Garcilaso,Peru,Sudamericana,64,59,32,56,52,59,69,-1
Brian González,González,RM++,Cerro Largo,Uruguay,Sudamericana,64,75,61,61,65,37,57,-1
David González,González,CM++,Racing Club,Argentina,Sudamericana,64,64,54,65,67,48,51,-1
Diego González Cabanes,Diego González,CB++,SD Huesca,Spain,LALIGA HYPERMOTION,64,61,42,54,56,65,63,-1
David González Plata,Nono,CM++,Korona Kielce,Spain,PKO BP Ekstraklasa,64,79,67,66,68,41,59,-1
Will Goodwin,Goodwin,ST++,Oxford United,England,EFL Championship,64,70,61,46,62,28,74,-1
Tristan Gooijer,Gooijer,RB++,PEC Zwolle,Netherlands,Eredivisie,64,73,38,52,64,61,67,-1
Anthony Gordillo,Gordillo,LB++,Dep. Garcilaso,Peru,Sudamericana,64,63,29,50,55,62,56,-1
Liam Gordon,Gordon,CB++,Motherwell,Scotland,cinch Prem,64,43,28,41,46,63,77,-1
Luis Antonio Gorocito,Gorocito,ST++,Racing Club,Uruguay,Sudamericana,64,55,68,38,59,21,70,-1
Rhyan Grant,Grant,RB++,Sydney FC,Australia,A-League,64,66,56,60,62,59,81,-1
Conor Grant,Grant,LB++,Port Vale,England,EFL League Two,64,66,58,61,63,59,67,-1
Josh Griffiths,Griffiths,GK++,Bristol Rovers,England,EFL League One,64,65,62,61,66,30,62,-1
Will Grigg,Grigg,ST++,Chesterfield,Northern Ireland,EFL League Two,64,63,64,49,62,32,64,-1
Maximilian Großer,Großer,CB++,Arminia Bielefeld,Germany,3. Liga,64,51,34,53,51,62,75,-1
Emin Grozdanic,Grozdanic,CB++,IFK Värnamo,Sweden,Allsvenskan,64,56,30,52,56,63,68,-1
Zsombor Gruber,Gruber,ST++,Ferencvárosi TC,Hungary,Magyar Liga,64,67,65,51,62,20,56,-1
Fabio Gruber,Gruber,CB++,SC Verl,Germany,3. Liga,64,61,28,46,48,64,69,-1
Sveinn Aron Guðjohnsen,Guðjohnsen,ST++,Hansa Rostock,Iceland,3. Liga,64,40,64,47,62,33,72,-1
Saulo Guerra,Guerra,RM++,Nacional Potosí,Bolivia,Sudamericana,64,68,56,62,63,59,59,-1
Matthew Guillaumier,Guillaumier,CDM++,Stal Mielec,Malta,PKO BP Ekstraklasa,64,67,59,64,64,60,67,-1
Thomas Gundelund,Gundelund,RB++,Vejle Boldklub,Denmark,3F Superliga,64,71,41,57,62,60,60,-1
Niklas Gunnarsson,Gunnarsson,CB++,Yverdon Sport FC,Norway,CSSL,64,52,49,55,56,62,76,-1
Thomas Gutierrez,Gutierrez,CB++,S. Ameliano,Venezuela,Sudamericana,64,61,35,52,49,64,65,-1
Jean Gutiérrez,Gutiérrez,CB++,Dep. Táchira,Venezuela,Libertadores,64,53,25,44,46,64,67,-1
Leon Guwara,Guwara,LB++,FC Ingolstadt 04,Gambia,3. Liga,64,80,39,54,64,60,69,-1
Nicholas Hagen,Hagen,GK++,Columbus Crew,Guatemala,MLS,64,64,61,60,64,32,63,-1
Jetmir Haliti,Haliti,CB++,Jagiellonia,Kosovo,PKO BP Ekstraklasa,64,89,31,47,61,63,70,-1
Vincent Harper,Harper,LB++,Exeter City,Kenya,EFL League One,64,90,45,55,66,55,74,-1
Shayon Harrison,Harrison,ST++,Politehnica Iași,England,SUPERLIGA,64,87,62,45,66,22,60,-1
Jessé Hautier,Hautier,RM++,Yverdon Sport FC,Switzerland,CSSL,64,60,54,60,65,30,55,-1
Lucien Hawryluk,Hawryluk,GK++,SV Waldhof,Germany,3. Liga,64,64,64,63,67,28,62,-1
Zakaria Hawsawi,Hawsawi,LB++,Al Raed,Saudi Arabia,ROSHN Saudi League,64,91,34,51,71,55,63,-1
Aaron Hayden,Hayden,CB++,Carlisle United,England,EFL League Two,64,64,30,44,52,62,75,-1
Justin Heekeren,Heekeren,GK++,FC Schalke 04,Germany,Bundesliga 2,64,64,62,68,66,39,63,-1
Melker Heier,Heier,RW++,IK Sirius,Sweden,Allsvenskan,64,73,62,59,66,52,63,-1
Karl Hein,Hein,GK++,R. Valladolid CF,Estonia,LALIGA EA SPORTS,64,61,63,56,66,35,64,-1
Mark Helm,Helm,CAM++,Fleetwood Town,England,EFL League Two,64,70,60,61,66,50,57,-1
Zach Hemming,Hemming,GK++,Leyton Orient,England,EFL League One,64,65,64,61,63,28,64,-1
Callum Hendry,Hendry,ST++,MK Dons,Scotland,EFL League Two,64,73,63,55,65,31,72,-1
Ben Heneghan,Heneghan,CB++,Port Vale,England,EFL League Two,64,43,28,42,42,63,74,-1
Yul Heo,Heo Yul,CB++,GwangJu FC,Korea Republic,K League 1,64,82,60,43,58,60,76,-1
Gerónimo Heredia,Heredia,RB++,Belgrano,Argentina,Sudamericana,64,75,43,54,58,59,62,-1
José Manuel Hernández,Hernández,RM++,Caracas F.C.,Venezuela,Libertadores,64,71,62,61,65,38,59,-1
Simen Hestnes,Hestnes,CM++,KFUM-Kameratene,Norway,Eliteserien,64,72,52,62,64,54,68,-1
Ben Hinchliffe,Hinchliffe,GK++,Stockport,England,EFL League One,64,65,60,62,66,40,65,-1
Otto Hindrich,Hindrich,GK++,CFR 1907 Cluj,Romania,SUPERLIGA,64,64,63,54,65,26,63,-1
Patrick Hoban,Hoban,ST++,Derry City,Republic of Ireland,SSE Airtricity PD,64,51,64,52,59,38,72,-1
Joe Hodge,Hodge,CDM++,Wolves,Republic of Ireland,Premier League,64,66,53,61,65,59,60,-1
Jonas Hofmann,Hofmann,CM++,Energie Cottbus,Germany,3. Liga,64,68,52,64,65,61,57,-1
Kasper Høgh,Høgh,ST++,FK Bodø/Glimt,Denmark,Eliteserien,64,77,62,50,62,28,64,-1
Oscar Højlund,Højlund,CM++,Frankfurt,Denmark,Bundesliga,64,74,56,60,66,61,66,-1
Dinko Horkaš,Horkaš,GK++,UD Las Palmas,Croatia,LALIGA EA SPORTS,64,64,61,61,66,48,62,-1
Diego Hormigo Iturralde,Hormigo,LB++,Sevilla FC,Spain,LALIGA EA SPORTS,64,67,26,53,51,62,57,-1
Santeri Hostikka,Hostikka,LW++,HJK Helsinki,Finland,Finnliiga,64,77,56,61,66,34,59,-1
Marco Huamán,Huamán,RW++,Alianza Lima,Peru,Libertadores,64,70,62,60,65,59,54,-1
Muharem Huskovic,Huskovic,ST++,FK Austria Wien,Austria,Ö. Bundesliga,64,73,62,57,69,20,57,-1
Isaac Hutchinson,Hutchinson,CM++,Bristol Rovers,England,EFL League One,64,72,61,64,66,52,67,-1
Gabriel Iancu,Iancu,ST++,Farul Constanța,Romania,SUPERLIGA,64,63,66,67,67,32,58,-1
Franco Ibarra,Ibarra,CDM++,Rosario Central,Argentina,Libertadores,64,67,45,55,59,65,64,-1
Christopher Ibayi,Ibayi,ST++,AC Ajaccio,Congo,Ligue 2 BKT,64,62,65,48,60,26,66,-1
Sunusi Ibrahim,Ibrahim,ST++,CF Montréal,Nigeria,MLS,64,86,60,53,64,23,70,-1
Tomoki Imai,Imai,CB++,Western United,Japan,A-League,64,57,24,48,55,62,77,-1
Sandro Ingolitsch,Ingolitsch,RB++,SCR Altach,Austria,Ö. Bundesliga,64,71,41,58,62,61,65,-1
Jack Iredale,Iredale,CB++,Bolton,Australia,EFL League One,64,72,43,56,58,61,74,-1
Aziel Jackson,Jackson,CAM++,Columbus Crew,United States,MLS,64,77,57,57,71,33,51,-1
Alexandre Jankewitz,Jankewitz,CDM++,FC Winterthur,Switzerland,CSSL,64,68,57,61,66,58,71,-1
Paweł Jaroszyński,Jaroszyński,LM++,Cracovia,Poland,PKO BP Ekstraklasa,64,63,53,63,63,64,71,-1
Seedy Jatta,Jatta,ST++,SK Sturm Graz,Norway,Ö. Bundesliga,64,81,61,46,66,26,67,-1
Mikel Jauregizar Alboniga,Jauregizar,CM++,Athletic Club,Spain,LALIGA EA SPORTS,64,60,55,57,62,56,57,-1
Mehdi Jeannin,Jeannin,GK++,Pau FC,Algeria,Ligue 2 BKT,64,66,62,65,66,49,61,-1
Keegan Jelacic,Jelacic,LM++,Brisbane Roar,Australia,A-League,64,74,57,60,65,54,69,-1
Fredrik Oldrup Jensen,Jensen,CDM++,NAC Breda,Norway,Eredivisie,64,50,51,57,60,63,70,-1
Woo Jae Jeong,Jeong Woo Jae,LB++,Jeonbuk Hyundai,Korea Republic,K League 1,64,73,59,60,66,59,71,-1
Dong Won Ji,Ji Dong Won,ST++,Suwon FC,Korea Republic,K League 1,64,52,64,56,60,40,67,-1
Tao Jian,Jian Tao,GK++,Rongcheng FC,China PR,CSL,64,60,67,57,69,19,64,-1
Magno João Victo,João Magno,ST++,GwangJu FC,Brazil,K League 1,64,68,65,44,56,28,81,-1
Marcel Johnen,Johnen,GK++,Aleman. Aachen,Germany,3. Liga,64,68,60,64,68,27,59,-1
Callum Johnson,Johnson,RB++,Bradford City,England,EFL League Two,64,73,45,57,60,60,71,-1
Max Johnston,Johnston,RB++,SK Sturm Graz,Scotland,Ö. Bundesliga,64,81,36,58,60,57,64,-1
Jamie Jones,Jones,GK++,Salford City,England,EFL League Two,64,64,63,66,64,34,64,-1
Antonio Jonjić,Jonjić,ST++,Wehen Wiesbaden,Germany,3. Liga,64,76,62,57,69,31,64,-1
Viðar Ari Jónsson,Jónsson,RW++,HamKam Fotball,Iceland,Eliteserien,64,80,56,59,63,60,66,-1
Marcelo Jorquera,Jorquera,LB++,Cobresal,Chile,Libertadores,64,73,39,59,63,58,70,-1
Joel Jorquera Romero,Jorquera,LM++,CD Eldense,Spain,LALIGA HYPERMOTION,64,70,53,61,64,28,51,-1
Kyle Joseph,Joseph,ST++,Blackpool,Scotland,EFL League One,64,75,62,53,65,23,60,-1
Andreas Jungdal,Jungdal,GK++,Cremonese,Denmark,Serie BKT,64,67,61,57,67,23,63,-1
Elton Kabangu,Kabangu,ST++,R. Union St.-G.,Belgium,1A Pro League,64,77,62,60,68,33,52,-1
Sullay Kaikai,Kaikai,RM++,Cambridge Utd,Sierra Leone,EFL League One,64,82,61,60,66,48,52,-1
Sherif Kallaku,Kallaku,CAM++,Sepsi OSK,Albania,SUPERLIGA,64,69,60,62,65,36,44,-1
Mohammed Kamara,Kamara,LW++,CFR 1907 Cluj,Liberia,SUPERLIGA,64,76,59,56,67,29,64,-1
Krzysztof Kamiński,Kamiński,GK++,Pogoń Szczecin,Poland,PKO BP Ekstraklasa,64,64,61,65,65,36,66,-1
Bernard Kamungo,Kamungo,RM++,FC Dallas,United States,MLS,64,77,64,54,67,45,48,-1
Abdoulaye Kanté,Kanté,CDM++,ESTAC Troyes,Côte d'Ivoire,Ligue 2 BKT,64,63,40,55,60,63,62,-1
Juan Cruz Kaprof,Kaprof,ST++,FC Botoșani,Argentina,SUPERLIGA,64,76,63,59,63,32,64,-1
Malte Karbstein,Karbstein,CB++,SV Waldhof,Germany,3. Liga,64,61,36,48,51,63,71,-1
Jadel Katongo,Katongo,RB++,Manchester City,England,Premier League,64,70,36,55,58,61,68,-1
Lars Kehl,Kehl,RW++,VfL Osnabrück,Germany,3. Liga,64,66,61,61,67,39,57,-1
Felix Keidel,Keidel,CM++,FC Ingolstadt 04,Germany,3. Liga,64,70,42,63,66,57,59,-1
Kader Keïta,Keïta,CDM++,CFR 1907 Cluj,Côte d'Ivoire,SUPERLIGA,64,66,44,56,61,61,71,-1
Jonas Kersken,Kersken,GK++,Arminia Bielefeld,Germany,3. Liga,64,67,45,66,70,25,67,-1
Hugo Keto,Keto,GK++,Sandefjord,Finland,Eliteserien,64,65,62,60,64,46,63,-1
Anan Khalaili,Khalaili,RW++,R. Union St.-G.,Israel,1A Pro League,64,76,62,56,67,25,59,-1
Benji Kikanović,Kikanović,LM++,SJ Earthquakes,United States,MLS,64,87,58,49,64,24,63,-1
Alfie Kilgour,Kilgour,CB++,Mansfield Town,England,EFL League One,64,64,46,44,52,62,73,-1
Tae Han Kim,Kim Tae Han,CB++,Suwon FC,Korea Republic,K League 1,64,52,21,34,32,66,71,-1
Jin Ya Kim,Kim Jin Ya,RB++,FC Seoul,Korea Republic,K League 1,64,81,53,58,64,56,63,-1
Tae Hyun Kim,Kim Tae Hyun,RB++,Jeonbuk Hyundai,Korea Republic,K League 1,64,68,48,59,62,57,64,-1
Tom King,King,GK++,Wolves,Wales,Premier League,64,64,63,61,64,42,63,-1
Kristian Kirkegaard,Kirkegaard,LM++,Vejle Boldklub,Denmark,3F Superliga,64,75,61,61,64,35,56,-1
Pål Alexander Kirkevold,Kirkevold,ST++,HamKam Fotball,Norway,Eliteserien,64,56,64,62,62,33,77,-1
Thibault Klidje,Klidje,ST++,FC Luzern,Togo,CSSL,64,81,63,56,69,26,63,-1
Antoni Klimek,Klimek,LW++,Widzew Łódź,Poland,PKO BP Ekstraklasa,64,73,58,56,68,51,59,-1
Matija Boben,Boben,CB++,CFR 1907 Cluj,Slovenia,SUPERLIGA,64,48,28,40,42,63,75,-1
Melayro Bogarde,Bogarde,CDM++,LASK,Netherlands,Ö. Bundesliga,64,60,30,52,65,65,62,-1
Lamare Bogarde,Bogarde,CDM++,Aston Villa,Netherlands,Premier League,64,64,46,57,61,63,69,-1
Agustín Bolivar,Bolivar,CDM++,Gimnasia,Argentina,LPF,64,61,46,58,61,64,63,-1
Luke Bolton,Bolton,RB++,Wrexham AFC,England,EFL League One,64,83,55,59,66,54,68,-1
André Boman,Boman,RB++,Halmstads BK,Sweden,Allsvenskan,64,79,49,58,65,57,65,-1
Elliot Bonds,Bonds,CDM++,Fleetwood Town,Guyana,EFL League Two,64,65,49,57,60,60,75,-1
Dennis Borkowski,Borkowski,ST++,FC Ingolstadt 04,Germany,3. Liga,64,72,63,54,66,32,64,-1
Tim Boss,Boss,GK++,SV Elversberg,Germany,Bundesliga 2,64,67,62,60,64,48,62,-1
Yassine Bouchama,Bouchama,CAM++,Preußen Münster,Germany,Bundesliga 2,64,67,59,63,66,50,59,-1
Abdelrahman Boudah,Boudah,LW++,Västerås SK,Sweden,Allsvenskan,64,72,59,60,67,41,63,-1
Jordan Bowery,Bowery,RB++,Mansfield Town,England,EFL League One,64,83,57,52,60,57,76,-1
Kieron Bowie,Bowie,ST++,Hibernian,Scotland,cinch Prem,64,75,62,59,63,39,80,-1
Caolán Boyd-Munce,Boyd-Munce,CM++,St. Mirren,Northern Ireland,cinch Prem,64,61,55,61,64,58,63,-1
William Boyle,Boyle,CB++,Wrexham AFC,England,EFL League One,64,46,29,44,48,62,78,-1
Oliver Braude,Braude,RB++,sc Heerenveen,Norway,Eredivisie,64,66,46,61,62,58,61,-1
Zachary Brault-Guillard,Brault-Guillard,RM++,FC Lugano,Canada,CSSL,64,88,58,56,63,60,67,-1
Pedro Bravo,Bravo,CM++,FC Midtjylland,Colombia,3F Superliga,64,72,52,55,62,58,63,-1
Leandro Brey,Brey,GK++,Boca Juniors,Argentina,Sudamericana,64,64,60,50,65,29,65,-1
Sebastian Breza,Breza,GK++,CF Montréal,Canada,MLS,64,63,64,50,68,33,62,-1
Joshua Brillante,Brillante,CDM++,WS Wanderers,Australia,A-League,64,47,55,60,62,60,80,-1
Ethan Bristow,Bristow,LB++,Minnesota United,St. Kitts and Nevis,MLS,64,82,38,55,58,56,71,-1
Bennit Bröger,Bröger,CAM++,VfL Wolfsburg,Germany,Bundesliga,64,66,45,59,73,35,41,-1
Jevani Brown,Brown,ST++,Bristol Rovers,Jamaica,EFL League One,64,79,62,60,64,45,68,-1
Jordan Brown,Brown,CDM++,Leyton Orient,England,EFL League One,64,66,41,56,60,61,71,-1
Lewis Brunt,Brunt,CB++,Wrexham AFC,England,EFL League One,64,77,44,56,62,62,72,-1
Omar Bugiel,Bugiel,ST++,AFC Wimbledon,Lebanon,EFL League Two,64,67,62,51,59,37,85,-1
Teal Bunbury,Bunbury,ST++,Nashville SC,United States,MLS,64,67,65,59,62,41,73,-1
Finley Burns,Burns,CDM++,Hull City,England,EFL Championship,64,58,36,52,59,63,67,-1
Marco Bustos,Bustos,RM++,IFK Värnamo,Canada,Allsvenskan,64,69,61,61,66,26,53,-1
Elvis Bwomono,Bwomono,RB++,St. Mirren,Uganda,cinch Prem,64,82,42,54,62,57,68,-1
Jun Soo Byeon,Byeon Jun Soo,CB++,GwangJu FC,Korea Republic,K League 1,64,79,28,38,50,62,80,-1
Gustavo Caballero,Caballero,RM++,Club Nacional,Paraguay,Sudamericana,64,74,56,55,68,28,58,-1
Diego Caballo Alonso,Diego Caballo,LB++,AaB,Spain,3F Superliga,64,72,56,60,62,58,64,-1
Kévin Cabral,Cabral,LM++,Colorado Rapids,France,MLS,64,85,58,56,66,45,57,-1
Jefferson Caicedo,Caicedo,LM++,Técnico U.,Ecuador,Sudamericana,64,75,56,60,63,23,52,-1
Alejandro Calatrava Torrado,Álex Calatrava,RM++,CD Castellón,Spain,LALIGA HYPERMOTION,64,73,59,60,68,33,49,-1
Josep Calavera Espinach,Calavera,CM++,CD Castellón,Spain,LALIGA HYPERMOTION,64,64,57,60,64,64,68,-1
Drissa Camara,Camara,RM++,Parma,Côte d'Ivoire,Serie A TIM,64,65,57,63,65,54,58,-1
Cole Campbell,Campbell,RM++,Borussia Dortmund,United States,Bundesliga,64,73,57,59,69,26,39,-1
Alexis Cantero,Cantero,LB++,Guaraní,Paraguay,Sudamericana,64,76,27,56,59,59,64,-1
Marko Capan,Capan,CM++,Hajduk Split,Croatia,Liga Hrvatska,64,59,44,69,63,50,60,-1
Osvaldo Pedro Capemba,Capita,LW++,Radomiak Radom,Angola,PKO BP Ekstraklasa,64,75,55,56,71,23,47,-1
Pedro Luis Capó Payeras,Pedro Capó,CB++,Bengaluru FC,Spain,Hero ISL,64,69,50,57,56,63,68,-1
Baily Cargill,Cargill,CB++,Mansfield Town,England,EFL League One,64,65,36,54,58,63,77,-1
Jonas Carls,Carls,LB++,SV Waldhof,Germany,3. Liga,64,82,56,56,64,54,58,-1
Frederik Carlsen,Carlsen,CM++,Silkeborg IF,Denmark,3F Superliga,64,72,61,62,67,57,66,-1
Wikelman Carmona,Carmona,RM++,Red Bulls,Venezuela,MLS,64,80,57,57,69,39,58,-1
Hussein Carneil,Carneil,LW++,IFK Göteborg,Sweden,Allsvenskan,64,69,53,60,68,24,48,-1
Luis Casiani,Casiani,RB++,Caracas F.C.,Venezuela,Libertadores,64,73,49,57,60,59,63,-1
Tommaso Cassandro,Cassandro,RB++,Catanzaro,Italy,Serie BKT,64,63,46,58,62,62,64,-1
Santiago Castañeda,Castañeda,CM++,SC Paderborn 07,United States,Bundesliga 2,64,70,46,60,65,65,60,-1
Henrik Castegren,Castegren,CB++,IK Sirius,Sweden,Allsvenskan,64,56,32,53,52,63,70,-1
Marco Jair Castillo,Castillo,RM++,Técnico U.,Ecuador,Sudamericana,64,79,33,57,63,55,65,-1
Luis Armando Castro,Castro,CM++,Delfín S.C.,Ecuador,Sudamericana,64,59,53,66,65,62,60,-1
Javier Castro Urdín,Javi Castro,CB++,R. Racing Club,Spain,LALIGA HYPERMOTION,64,64,32,42,49,64,69,-1
Daniel Celea,Celea,CB++,FC Botoșani,Romania,SUPERLIGA,64,54,38,40,45,65,71,-1
Jurgen Çelhaka,Çelhaka,CM++,Legia Warszawa,Albania,PKO BP Ekstraklasa,64,64,51,63,63,59,66,-1
Rodrigo Chagas,Chagas,RW++,Nacional,Uruguay,Libertadores,64,75,59,62,64,60,62,-1
Luke Chambers,Chambers,LB++,Wigan Athletic,England,EFL League One,64,65,41,60,63,61,62,-1
Justin Che,Che,RB++,Brøndby IF,United States,3F Superliga,64,73,27,55,62,61,64,-1
Fabio Chiarodia,Chiarodia,CB++,M'gladbach,Italy,Bundesliga,64,66,33,49,56,65,63,-1
Andrei Chindriș,Chindriș,CB++,Lechia Gdańsk,Romania,PKO BP Ekstraklasa,64,63,36,46,46,63,73,-1
Gu Choi,Choi,CB++,ADT,Peru,Sudamericana,64,51,22,38,35,66,69,-1
Ben Chrisene,Chrisene,LB++,Norwich,England,EFL Championship,64,72,51,61,64,58,62,-1
Peter Buch Christiansen,Christiansen,RW++,Viking FK,Denmark,Eliteserien,64,78,60,55,66,35,66,-1
Sander Christiansen,Christiansen,LB++,Sarpsborg 08,Norway,Eliteserien,64,63,53,64,64,60,60,-1
Moustapha Cissé,Cissé,ST++,FC St. Gallen,Guinea,CSSL,64,77,64,51,64,21,55,-1
Alphadjo Cissè,Cissè,CAM++,Hellas Verona,Italy,Serie A TIM,64,77,59,62,67,46,51,-1
Tim Civeja,Civeja,CM++,Saarbrücken,Albania,3. Liga,64,65,57,63,66,58,65,-1
Daniel Cleary,Cleary,CB++,Shamrock Rovers,Republic of Ireland,SSE Airtricity PD,64,52,36,44,52,62,74,-1
Stefan Cleveland,Cleveland,GK++,Austin FC,United States,MLS,64,64,62,62,66,55,64,-1
Jack Clisby,Clisby,LB++,WS Wanderers,Australia,A-League,64,61,53,59,59,59,72,-1
Josh Coburn,Coburn,ST++,Middlesbrough,England,EFL Championship,64,58,64,47,61,22,70,-1
Ibrahima Conté,Conté,CB++,UTA Arad,Guinea,SUPERLIGA,64,48,43,49,53,62,80,-1
Murphy Cooper,Cooper,GK++,Stevenage,England,EFL League One,64,65,65,60,64,41,61,-1
Brandon Cooper,Cooper,CB++,Leyton Orient,Wales,EFL League One,64,55,34,45,45,64,70,-1
David Cornell,Cornell,GK++,Preston,Wales,EFL Championship,64,65,62,60,66,32,60,-1
Leo Cornic,Cornic,RB++,Tromsø IL,Norway,Eliteserien,64,78,38,58,64,56,60,-1
Martín Ortega,Ortega,RB++,Tigre,Argentina,LPF,64,70,33,53,59,58,65,-1
Arnau Ortiz Sánchez,Arnau Ortiz,LM++,Śląsk Wrocław,Spain,PKO BP Ekstraklasa,64,76,58,59,66,30,48,-1
Arild Østbø,Østbø,GK++,Viking FK,Norway,Eliteserien,64,62,63,63,64,31,64,-1
Yari Otto,Otto,CAM++,SC Verl,Germany,3. Liga,64,70,60,56,66,45,66,-1
Sami Ouaissa,Ouaissa,CAM++,N.E.C. Nijmegen,Netherlands,Eredivisie,64,78,57,59,67,40,58,-1
Aziz Ouattara,Ouattara,CDM++,KV Mechelen,Côte d'Ivoire,1A Pro League,64,61,24,53,61,62,70,-1
Samuel Oum Gouet,Oum Gouet,CDM++,Politehnica Iași,Cameroon,SUPERLIGA,64,52,53,61,63,61,73,-1
Casper Øyvann,Øyvann,CB++,Molde FK,Norway,Eliteserien,64,67,41,50,52,64,69,-1
Ante Palaversa,Palaversa,CM++,Aberdeen,Croatia,cinch Prem,64,51,65,61,64,62,66,-1
Murat Paluli,Paluli,RB++,Sivasspor,Türkiye,Trendyol Süper Lig,64,71,43,56,64,60,67,-1
Víctor Parada González,Parada,LB++,CD Mirandés,Spain,LALIGA HYPERMOTION,64,70,46,58,61,61,65,-1
Seung Ho Park,Park Seung Ho,RW++,Incheon United,Korea Republic,K League 1,64,80,61,51,66,22,65,-1
Chan Yong Park,Park Chan Yong,CB++,Gimcheon Sangmu,Korea Republic,K League 1,64,61,31,45,40,63,68,-1
Kyu hyun Park,Park Kyu Hyun,LB++,Dynamo Dresden,Korea Republic,3. Liga,64,72,29,50,63,61,65,-1
Se Jin Park,Park Se Jin,CM++,Daegu FC,Korea Republic,K League 1,64,66,52,61,67,59,55,-1
Harry Paton,Paton,CM++,Motherwell,Canada,cinch Prem,64,71,58,63,66,57,63,-1
Elvis Patta,Patta,RB++,Técnico U.,Ecuador,Sudamericana,64,76,33,60,59,57,53,-1
Yeferson Paz,Paz,RB++,Sassuolo,Colombia,Serie BKT,64,72,51,60,60,58,71,-1
Myles Peart-Harris,Peart-Harris,CM++,Brentford,England,Premier League,64,72,61,63,65,52,71,-1
Matti Peltola,Peltola,CDM++,D.C. United,Finland,MLS,64,65,35,55,58,66,65,-1
Nicholas Pennington,Pennington,CM++,Perth Glory,Australia,A-League,64,56,54,62,61,60,69,-1
James Penrice,Penrice,LB++,Hearts,Scotland,cinch Prem,64,78,50,59,62,58,63,-1
Agustín Pereira,Pereira,RB++,Racing Club,Uruguay,Sudamericana,64,72,35,55,61,61,59,-1
Hamilton Pereira,Pereira,CDM++,Cerro Largo,Uruguay,Sudamericana,64,63,62,63,64,62,66,-1
Darlan Pereira Mendes,Darlan,ST++,Wuhan 3 Towns,Brazil,CSL,64,61,62,63,69,56,56,-1
Dylan José Perera Plasencia,Dylan Perera,CAM++,CD Tenerife,Spain,LALIGA HYPERMOTION,64,71,56,65,69,48,46,-1
Javier Pérez Mateo,Javi Pérez,CDM++,SD Huesca,Spain,LALIGA HYPERMOTION,64,45,62,58,59,61,69,-1
Edwuin Pernía,Pernía,ST++,Caracas F.C.,Venezuela,Libertadores,64,59,66,51,55,25,60,-1
Nikola Petkovic,Petkovic,CDM++,Charlotte FC,Serbia,MLS,64,61,50,61,62,61,58,-1
Selmir Pidro,Pidro,LB++,St. Louis CITY SC,Bosnia and Herzegovina,MLS,64,66,40,57,60,60,63,-1
Lukas Pinckert,Pinckert,CB++,SV Elversberg,Germany,Bundesliga 2,64,66,41,55,59,62,70,-1
Miguel Pinto,Pinto,GK++,Coquimbo Unido,Chile,Sudamericana,64,63,60,64,63,53,64,-1
Ignacio Pintos,Pintos,RM++,Danubio,Uruguay,Sudamericana,64,75,59,57,65,53,58,-1
Onurcan Piri,Piri,GK++,Kayserispor,Türkiye,Trendyol Süper Lig,64,65,64,57,65,19,64,-1
Reno Piscopo,Piscopo,CAM++,Melb. Victory,Australia,A-League,64,79,59,61,69,39,56,-1
Brian Plat,Plat,CB++,K. Beerschot VA,Netherlands,1A Pro League,64,80,27,49,47,62,77,-1
Manuel Polster,Polster,LM++,Lausanne-Sport,Austria,CSSL,64,92,61,58,62,34,62,-1
Dante Polvara,Polvara,RM++,Aberdeen,United States,cinch Prem,64,56,56,62,65,59,73,-1
Joaquín Pombo,Pombo,CB++,Independiente DV,Argentina,Libertadores,64,51,32,38,40,64,73,-1
Matviy Ponomarenko,Ponomarenko,ST++,Dynamo Kyiv,Ukraine,Ukrayina Liha,64,69,64,48,58,26,62,-1
Robert Popa,Popa,GK++,UTA Arad,Romania,SUPERLIGA,64,64,58,66,67,39,63,-1
Axel Prado,Prado,CB++,Cerro Largo,Uruguay,Sudamericana,64,64,32,46,44,66,64,-1
Rafael Profini,Profini,CB++,Unión,Argentina,LPF,64,66,31,42,47,64,69,-1
Eric Puerto Huerta,Eric Puerto,GK++,RC Deportivo,Spain,LALIGA HYPERMOTION,64,67,62,60,67,16,58,-1
Joan Puig Mateos,Joan Puig,LB++,RCD Espanyol,Spain,LALIGA EA SPORTS,64,75,47,56,61,59,63,-1
John Pulskamp,Pulskamp,GK++,Sporting KC,United States,MLS,64,67,60,59,67,25,62,-1
Christy Pym,Pym,GK++,Mansfield Town,England,EFL League One,64,59,64,65,66,43,64,-1
Diogo Lucas Queirós,Diogo Queirós,CB++,USL Dunkerque,Portugal,Ligue 2 BKT,64,47,36,46,50,64,70,-1
Juan Jesús Quiñones,Quiñones,CB++,UCV,Peru,Sudamericana,64,62,40,55,56,64,64,-1
Santiago Quirós,Quirós,CB++,Racing Club,Argentina,Sudamericana,64,55,36,56,56,63,63,-1
Renzo Rabino,Rabino,LM++,Cerro Largo,Uruguay,Sudamericana,64,65,59,60,64,65,66,-1
Bojan Radulović,Radulović,ST++,Huddersfield,Serbia,EFL League One,64,54,65,48,64,27,65,-1
Simen Rafn,Rafn,RB++,Fredrikstad FK,Norway,Eliteserien,64,76,48,60,63,57,64,-1
Marko Raguž,Raguž,ST++,FK Austria Wien,Austria,Ö. Bundesliga,64,58,63,59,68,22,56,-1
Jacobo Ramón Naveros,Jacobo,CB++,Real Madrid,Spain,LALIGA EA SPORTS,64,63,22,45,48,65,64,-1
Santiago Ramos Mingo,Ramos Mingo,CB++,Defensa,Argentina,Sudamericana,64,47,34,47,51,65,59,-1
Kayne Ramsay,Ramsay,RB++,Charlton Ath,England,EFL League One,64,78,47,55,61,59,67,-1
Lars Mogstad Ranger,Ranger,RB++,Lillestrøm SK,Norway,Eliteserien,64,83,49,54,63,57,72,-1
Dion Rankine,Rankine,RB++,Wigan Athletic,England,EFL League One,64,88,52,58,67,56,46,-1
Cornel Râpă,Râpă,RM++,UTA Arad,Romania,SUPERLIGA,64,73,55,61,64,58,70,-1
Andrew Redmayne,Redmayne,GK++,Sydney FC,Australia,A-League,64,63,62,62,64,41,65,-1
Alberto Reina Campos,Alberto Reina,CM++,CD Mirandés,Spain,LALIGA HYPERMOTION,64,66,55,58,61,53,59,-1
Max Reinthaler,Reinthaler,CB++,1860 München,Italy,3. Liga,64,59,43,53,53,63,73,-1
Omar Rekik,Rekik,CB++,Arsenal,Tunisia,Premier League,64,68,38,55,59,62,69,-1
Hang Ren,Ren Hang,CB++,Wuhan 3 Towns,China PR,CSL,64,59,49,58,56,61,75,-1
Samuel Renel,Renel,CM++,Red Star FC,France,Ligue 2 BKT,64,71,62,66,69,50,59,-1
Tom Reyners,Reyners,RW++,K. Beerschot VA,Belgium,1A Pro League,64,76,55,57,69,37,49,-1
Spencer Richey,Richey,GK++,Chicago Fire FC,United States,MLS,64,63,61,73,65,47,61,-1
Julian Rieckmann,Rieckmann,CDM++,SV Waldhof,Germany,3. Liga,64,65,35,54,55,64,71,-1
Julian Rijkhoff,Rijkhoff,ST++,Ajax,Netherlands,Eredivisie,64,71,63,53,70,25,51,-1
Andrés Ríos,Ríos,ST++,Dep. Táchira,Argentina,Libertadores,64,57,63,63,64,37,79,-1
Brian Rocha Araújo,Brian Araújo,GK++,Gil Vicente,Portugal,Liga Portugal,64,59,63,58,69,23,64,-1
Steven Rodríguez,Rodríguez,ST++,Junior,Colombia,Libertadores,64,73,66,51,64,19,55,-1
Nicklas Røjkjær,Røjkjær,CM++,Mjällby AIF,Denmark,Allsvenskan,64,70,59,61,63,50,63,-1
Diego Alonso Romero,Romero,GK++,Universitario,Peru,Libertadores,64,62,64,60,63,25,62,-1
Anthony Roncaglia,Roncaglia,CB++,SC Bastia,France,Ligue 2 BKT,64,46,38,54,60,64,68,-1
Jojo Wollacott,Wollacott,GK++,Crawley Town,Ghana,EFL League One,64,65,63,62,64,41,64,-1
Bartosz Wolski,Wolski,CDM++,Motor Lublin,Poland,PKO BP Ekstraklasa,64,66,58,64,60,61,70,-1
Ryan Woods,Woods,CM++,Exeter City,England,EFL League One,64,64,49,65,67,63,64,-1
Akil Wright,Wright,CB++,Ross County,England,cinch Prem,64,69,43,52,57,62,75,-1
Redon Xhixha,Xhixha,ST++,Qarabağ FK,Albania,Liga Azerbaijan,64,65,65,46,59,20,59,-1
Xin Xu,Xu Xin,CDM++,Shanghai Port,China PR,CSL,64,69,53,58,63,60,73,-1
Roman Yakuba,Yakuba,CB++,Puszcza,Ukraine,PKO BP Ekstraklasa,64,63,26,38,43,62,81,-1
Dinghao Yan,Yan Dinghao,CM++,Rongcheng FC,China PR,CSL,64,66,55,62,64,54,66,-1
Zeki Yavru,Yavru,RB++,Samsunspor,Türkiye,Trendyol Süper Lig,64,65,60,61,65,59,65,-1
Uğurcan Yazğılı,Yazğılı,CB++,Konyaspor,Türkiye,Trendyol Süper Lig,64,54,34,42,48,63,71,-1
Emmanuel Yeboah,Yeboah,ST++,Brøndby IF,Ghana,3F Superliga,64,83,60,55,63,36,77,-1
Muammer Yıldırım,Yıldırım,GK++,Samsunspor,Türkiye,Trendyol Süper Lig,64,63,64,59,65,26,66,-1
Aygün Yıldırım,Yıldırım,RM++,Arminia Bielefeld,Germany,3. Liga,64,76,62,56,67,23,59,-1
Kaina Yoshio,Yoshio,CAM++,Jeju United,Japan,K League 1,64,75,63,63,66,44,50,-1
Jake Young,Young,ST++,Bradford City,England,EFL League Two,64,80,62,46,62,25,64,-1
In Soo Yu,Yu In Soo,RB++,Gangwon FC,Korea Republic,K League 1,64,77,58,58,65,56,66,-1
Kang Hyun Yu,Yu Kang Hyun,ST++,Gimcheon Sangmu,Korea Republic,K League 1,64,71,64,45,61,27,63,-1
Danijel Zagorac,Zagorac,GK++,Dinamo Zagreb,Croatia,Liga Hrvatska,64,64,63,62,65,43,60,-1
Yoram Zague,Zague,RB++,Paris SG,France,Ligue 1 Uber Eats,64,74,47,59,65,59,56,-1
Luka Zahović,Zahović,CAM++,Górnik Zabrze,Slovenia,PKO BP Ekstraklasa,64,76,61,58,66,28,52,-1
David Zalzman,Zalzman,CM++,Metropolitanos,Venezuela,Sudamericana,64,67,61,64,64,53,57,-1
Dominick Zator,Zator,RB++,Korona Kielce,Canada,PKO BP Ekstraklasa,64,63,29,43,52,65,82,-1
Gjivai Zechiël,Zechiël,CM++,Feyenoord,Netherlands,Eredivisie,64,75,47,61,70,64,52,-1
Karim Zedadka,Zedadka,LM++,Südtirol,France,Serie BKT,64,72,53,62,69,58,44,-1
Lequincio Zeefuik,Zeefuik,ST++,AZ,Netherlands,Eredivisie,64,80,60,48,64,26,73,-1
Ajdin Zeljković,Zeljković,ST++,IFK Värnamo,Sweden,Allsvenskan,64,73,63,60,65,31,64,-1
Linpeng Zhang,Zhang Linpeng,CB++,Shanghai Port,China PR,CSL,64,60,54,57,56,60,79,-1
Yihao Zhong,Zhong Yihao,LM++,Henan SSLM FC,China PR,CSL,64,77,61,56,66,54,74,-1
Théo Zidane,Zidane,CM++,Córdoba CF,France,LALIGA HYPERMOTION,64,68,63,62,66,50,56,-1
Tanguy Zoukrou,Zoukrou,CB++,BSC Young Boys,France,CSSL,64,49,32,43,42,66,63,-1
Mateusz Żukowski,Żukowski,RB++,Śląsk Wrocław,Poland,PKO BP Ekstraklasa,64,77,57,57,60,59,66,-1
Shaun Rooney,Rooney,RB++,St. Mirren,Scotland,cinch Prem,64,68,52,59,61,59,81,-1
Joseph Rosales,Rosales,LB++,Minnesota United,Honduras,MLS,64,70,44,57,65,59,59,-1
Maciej Rosołek,Rosołek,ST++,Piast Gliwice,Poland,PKO BP Ekstraklasa,64,76,61,58,65,32,63,-1
Sigurd Rosted,Rosted,CB++,Toronto FC,Norway,MLS,64,39,47,51,52,62,76,-1
Sean Roughan,Roughan,CB++,Lincoln City,Republic of Ireland,EFL League One,64,65,34,56,58,63,69,-1
Storm Roux,Roux,RB++,Central Coast,New Zealand,A-League,64,76,46,52,60,57,77,-1
Josh Ruffels,Ruffels,LB++,Huddersfield,England,EFL League One,64,66,57,60,64,59,66,-1
Emerson Ruiz,Ruiz,CDM++,Metropolitanos,Venezuela,Sudamericana,64,67,39,54,53,65,62,-1
David Ruiz,Ruiz,CM++,Inter Miami CF,Honduras,MLS,64,68,49,59,68,61,57,-1
Jan-Luca Rumpf,Rumpf,CB++,Aleman. Aachen,Germany,3. Liga,64,56,39,48,50,61,69,-1
Denis Rusu,Rusu,GK++,Unirea Slobozia,Moldova,SUPERLIGA,64,63,61,62,64,22,65,-1
Gilles Ruyssen,Ruyssen,CB++,FCV Dender EH,Belgium,1A Pro League,64,41,32,43,41,64,70,-1
Halid Šabanović,Šabanović,RB++,Angers SCO,Bosnia and Herzegovina,Ligue 1 Uber Eats,64,64,39,53,60,63,64,-1
Malkolm Nilsson Säfqvist,Säfqvist,GK++,Djurgårdens IF,Sweden,Allsvenskan,64,66,63,65,67,33,68,-1
Hakim Sahabo,Sahabo,CDM++,Standard Liège,Rwanda,1A Pro League,64,67,45,58,61,61,59,-1
Àlex Sala Herrero,Àlex Sala,CDM++,Córdoba CF,Spain,LALIGA HYPERMOTION,64,63,47,59,60,62,67,-1
Felipe Salomoni,Salomoni,LB++,Guaraní,Argentina,Sudamericana,64,74,44,55,59,57,63,-1
José Manuel Sánchez Guillén,Josema,CB++,Górnik Zabrze,Spain,PKO BP Ekstraklasa,64,61,37,55,51,63,69,-1
Mads Sande,Sande,RW++,SK Brann,Norway,Eliteserien,64,73,56,61,63,48,66,-1
Mohamed Sankoh,Sankoh,ST++,Cosenza,Netherlands,Serie BKT,64,86,62,50,63,24,57,-1
Jesús Santiago Pérez,Yellu Santiago,CDM++,Getafe CF,Spain,LALIGA EA SPORTS,64,54,47,56,53,66,58,-1
Gonçalo Santos Sousa,Gonçalo Sousa,RM++,FC Porto,Portugal,Liga Portugal,64,72,64,56,65,34,56,-1
Facundo Saravia,Saravia,LB++,Danubio,Uruguay,Sudamericana,64,67,56,61,60,61,64,-1
Murat Şatin,Şatin,CAM++,Grazer AK,Austria,Ö. Bundesliga,64,77,61,59,67,33,48,-1
Dane Scarlett,Scarlett,ST++,Oxford United,England,EFL Championship,64,78,63,51,66,20,63,-1
Leon Schneider,Schneider,CB++,Arminia Bielefeld,Germany,3. Liga,64,74,40,56,60,63,71,-1
Oscar Schönfelder,Schönfelder,RM++,Jahn Regensburg,Germany,Bundesliga 2,64,75,58,59,66,48,57,-1
Fabian Schubert,Schubert,ST++,1860 München,Austria,3. Liga,64,69,64,47,56,36,75,-1
Pascal Schürpf,Schürpf,LM++,Grasshopper Club,Switzerland,CSSL,64,58,64,66,61,61,74,-1
Anthony Scully,Scully,LM++,Portsmouth,Republic of Ireland,EFL Championship,64,75,61,58,67,34,53,-1
Edson Seidou,Seidou,LB++,Stade Lavallois,France,Ligue 2 BKT,64,66,54,59,64,58,78,-1
Moritz Seiffert,Seiffert,LB++,FC Ingolstadt 04,Germany,3. Liga,64,76,55,59,66,59,63,-1
Vahid Selimović,Selimović,CB++,FC Hermannstadt,Luxembourg,SUPERLIGA,64,43,28,42,51,63,73,-1
Malik Sellouki,Sellouki,RM++,Stade Lavallois,France,Ligue 2 BKT,64,68,61,62,69,47,52,-1
Joel Senior,Senior,RB++,Bristol Rovers,England,EFL League One,64,70,33,50,60,58,65,-1
João Pedro Seno Luís Rêgo,João Rêgo,CAM++,SL Benfica,Portugal,Liga Portugal,64,66,55,62,70,54,50,-1
Nelson Sepúlveda,Sepúlveda,CM++,Cobresal,Chile,Libertadores,64,66,59,64,65,51,66,-1
Femi Seriki,Seriki,RB++,Sheffield Utd,England,EFL Championship,64,87,28,50,63,56,64,-1
Zidan Sertdemir,Sertdemir,CM++,FC Nordsjælland,Denmark,3F Superliga,64,68,56,64,67,49,58,-1
Lorenzo Sgarbi,Sgarbi,ST++,Bari,Italy,Serie BKT,64,59,65,56,62,28,66,-1
Noah Shamoun,Shamoun,LM++,Randers FC,Syria,3F Superliga,64,75,55,57,69,38,48,-1
Aimar Sher,Sher,CDM++,Sarpsborg 08,Sweden,Eliteserien,64,64,44,59,68,56,65,-1
Nick Shinton,Shinton,GK++,K. Beerschot VA,Belgium,1A Pro League,64,70,66,62,64,27,58,-1
Silvan Sidler,Sidler,RB++,FC Winterthur,Switzerland,CSSL,64,64,60,61,59,61,63,-1
Omar Sijarić,Sijarić,RM++,FC Erzgebirge Aue,Montenegro,3. Liga,64,77,54,58,66,43,56,-1
Gard Simenstad,Simenstad,RM++,HamKam Fotball,Norway,Eliteserien,64,74,53,61,61,54,61,-1
Gurpreet Singh Sandhu,Singh Sandhu,GK++,Bengaluru FC,India,Hero ISL,64,63,62,62,63,41,65,-1
Dan Sîrbu,Sîrbu,RB++,Farul Constanța,Romania,SUPERLIGA,64,70,40,58,61,59,71,-1
Jack Skahan,Skahan,CM++,SJ Earthquakes,United States,MLS,64,64,47,62,67,48,65,-1
Naatan Skyttä,Skyttä,CM++,Toulouse FC,Finland,Ligue 1 Uber Eats,64,64,53,65,70,45,48,-1
Richard Smallwood,Smallwood,CM++,Bradford City,England,EFL League Two,64,51,56,63,60,60,73,-1
Kees Smit,Smit,CM++,AZ,Netherlands,Eredivisie,64,69,53,62,67,59,63,-1
Brad Smith,Smith,LM++,Houston Dynamo,Australia,MLS,64,79,49,61,63,61,64,-1
Matt Smith,Smith,CM++,St. Johnstone,Wales,cinch Prem,64,70,56,63,68,59,67,-1
Nathan Smith,Smith,CB++,Port Vale,England,EFL League Two,64,54,31,38,42,62,80,-1
Oskar Snorre,Snorre,GK++,Randers FC,Denmark,3F Superliga,64,64,63,61,64,32,62,-1
Mads Søndergaard,Søndergaard,CM++,Viborg FF,Denmark,3F Superliga,64,61,51,62,67,50,44,-1
Elias Sørensen,Sørensen,ST++,Portsmouth,Denmark,EFL Championship,64,64,64,57,62,26,65,-1
Bent Sørmo,Sørmo,CB++,Strømsgodset IF,Norway,Eliteserien,64,73,40,55,61,61,76,-1
Alessandro Sorrentino,Sorrentino,GK++,Frosinone,Italy,Serie BKT,64,64,64,60,67,40,66,-1
Lucas Soto,Soto,CM++,Colo-Colo,Chile,Libertadores,64,64,57,59,64,53,61,-1
Hamjatou Soukouna,Soukouna,CB++,AC Beauruelle,France,Ligue 2 BKT,64,80,28,38,49,63,70,-1
Vasilios Sourlis,Sourlis,CM++,Raków,Greece,PKO BP Ekstraklasa,64,72,56,61,66,58,67,-1
Avdo Spahić,Spahić,GK++,Kaiserslautern,Bosnia and Herzegovina,Bundesliga 2,64,61,61,61,65,31,66,-1
Alex Sposito,Sposito,GK++,Reggiana,Italy,Serie BKT,64,68,62,65,67,23,67,-1
Daniel Steres,Steres,LB++,Houston Dynamo,United States,MLS,64,37,27,56,49,67,72,-1
Mathew Stevens,Stevens,ST++,AFC Wimbledon,England,EFL League Two,64,74,62,49,63,22,68,-1
Jakub Stolarczyk,Stolarczyk,GK++,Leicester City,Poland,Premier League,64,65,64,67,69,36,63,-1
Peter Stroud,Stroud,CDM++,Red Bulls,United States,MLS,64,74,42,59,65,62,62,-1
Sasa Strujic,Strujic,LB++,Aleman. Aachen,Bosnia and Herzegovina,3. Liga,64,73,47,60,58,60,69,-1
Filip Stuparević,Stuparević,ST++,Motherwell,Serbia,cinch Prem,64,68,63,55,63,31,71,-1
Ian Subiabre,Subiabre,LW++,River Plate,Argentina,Libertadores,64,79,60,57,69,31,49,-1
Edoardo Corvi,Corvi,GK++,Parma,Italy,Serie A TIM,64,66,63,61,67,25,58,-1
Barry Cotter,Cotter,RB++,Barnsley,Republic of Ireland,EFL League One,64,83,52,57,60,57,69,-1
Jordan Courtney-Perkins,Courtney-Perkins,LB++,Sydney FC,Australia,A-League,64,72,44,54,60,63,75,-1
Jordan Cousins,Cousins,CDM++,Cambridge Utd,Jamaica,EFL League One,64,69,50,57,63,60,68,-1
Artur Craciun,Craciun,CB++,Puszcza,Moldova,PKO BP Ekstraklasa,64,60,46,43,46,64,66,-1
Michael Craig,Craig,CDM++,Reading,Scotland,EFL League One,64,59,37,55,62,61,63,-1
Gonzalo Crettaz,Crettaz,GK++,CD Castellón,Argentina,LALIGA HYPERMOTION,64,65,66,70,65,35,62,-1
Ronan Curtis,Curtis,LM++,Port Vale,Republic of Ireland,EFL League Two,64,74,64,58,64,48,73,-1
Pierre Da Silva,Da Silva,LM++,UCV,United States,Sudamericana,64,70,50,62,65,35,59,-1
Luiz Humberto Da Silva Silva,Beto da Silva,ST++,ADT,Peru,Sudamericana,64,70,65,58,66,31,46,-1
Jasper Dahlhaus,Dahlhaus,LM++,Fortuna Sittard,Netherlands,Eredivisie,64,73,58,57,66,31,54,-1
Muhammed Damar,Damar,CAM++,SV Elversberg,Germany,Bundesliga 2,64,64,60,63,68,38,54,-1
Florian Thomas Danho,Danho,ST++,Randers FC,France,3F Superliga,64,52,62,45,58,21,77,-1
Yann-Erik de Lanlay,de Lanlay,CM++,Viking FK,Norway,Eliteserien,64,82,60,63,66,59,65,-1
Bruno de Oliveira Souza,Bruno Oliveira,CB++,GwangJu FC,Brazil,K League 1,64,62,35,45,49,63,69,-1
Max Dean,Dean,ST++,KAA Gent,England,1A Pro League,64,70,64,50,62,26,68,-1
Harlee Dean,Dean,CB++,Reading,England,EFL League One,64,49,33,45,53,62,72,-1
Patrickson Delgado,Delgado,CM++,FC Dallas,Ecuador,MLS,64,59,54,56,64,62,63,-1
Cheick Diabaté,Diabaté,CB++,Exeter City,England,EFL League One,64,71,30,43,55,62,72,-1
Souleymane Diaby,Diaby,LB++,FC Winterthur,Côte d'Ivoire,CSSL,64,70,51,56,65,59,63,-1
Mamadou Diakhon,Diakhon,RM++,Stade de Reims,France,Ligue 1 Uber Eats,64,75,59,57,68,32,48,-1
Ibrahim Diakité,Diakité,RB++,Cercle Brugge,Guinea,1A Pro League,64,77,42,51,62,61,66,-1
Jack Diamond,Diamond,LW++,Stockport,England,EFL League One,64,88,58,55,65,34,58,-1
Junior Diaz,Diaz,CB++,ESTAC Troyes,France,Ligue 2 BKT,64,77,29,48,49,64,62,-1
Leandro Díaz,Díaz,LB++,Huachipato,Chile,Libertadores,64,74,39,54,62,58,57,-1
Paul Digby,Digby,CDM++,Cambridge Utd,England,EFL League One,64,42,52,58,56,62,79,-1
Noah Diliberto,Diliberto,CM++,Widzew Łódź,France,PKO BP Ekstraklasa,64,67,47,65,68,52,53,-1
Deniz Dilmen,Dilmen,GK++,Başakşehir,Türkiye,Trendyol Süper Lig,64,65,64,57,67,22,59,-1
Haifeng Ding,Ding Haifeng,LB++,Henan SSLM FC,China PR,CSL,64,80,52,60,65,56,64,-1
Mouhamed Diop,Diop,CM++,ESTAC Troyes,Senegal,Ligue 2 BKT,64,69,54,58,66,52,60,-1
Maximilian Dittgen,Dittgen,ST++,FC Ingolstadt 04,Germany,3. Liga,64,76,59,56,65,51,70,-1
Elijah Dixon-Bonner,Dixon-Bonner,CM++,QPR,England,EFL Championship,64,60,54,62,66,58,60,-1
Chunyu Dong,Dong Chunyu,GK++,Zhejiang Pro,China PR,CSL,64,64,64,63,63,43,65,-1
Kyliane Dong,Dong,RM++,ESTAC Troyes,France,Ligue 2 BKT,64,71,61,56,68,23,46,-1
Jamie Donley,Donley,CAM++,Leyton Orient,England,EFL League One,64,66,60,60,64,35,54,-1
Patrick Dorgu,Dorgu,LB++,Lecce,Denmark,Serie A TIM,64,78,50,54,67,57,48,-1
Jeriel Dorsett,Dorsett,CB++,Reading,Montserrat,EFL League One,64,71,26,50,57,62,76,-1
Griffin Dorsey,Dorsey,RB++,Houston Dynamo,United States,MLS,64,76,55,61,66,57,67,-1
Renato Barbosa dos Santos Júnior,Renato Júnior,ST++,Viborg FF,Brazil,3F Superliga,64,64,62,47,63,27,70,-1
Miloš Drinčić,Drinčić,CB++,Kerala Blasters,Montenegro,Hero ISL,64,53,38,43,43,66,71,-1
Sergio Dueñas Ruiz,Moyita,CAM++,CD Castellón,Spain,LALIGA HYPERMOTION,64,72,63,61,66,45,55,-1
Andrei Dumiter,Dumiter,ST++,UTA Arad,Romania,SUPERLIGA,64,81,64,55,65,38,67,-1
Lucian Dumitriu,Dumitriu,CM++,FC Petrolul,Romania,SUPERLIGA,64,72,61,63,64,55,68,-1
Jakob Maslø Dunsby,Dunsby,RW++,Sandefjord,Norway,Eliteserien,64,78,57,58,66,28,63,-1
Cosmin Dur-Bozoancă,Dur-Bozoancă,GK++,SC Oțelul Galați,Romania,SUPERLIGA,64,62,63,63,66,40,65,-1
Luca Dürholtz,Dürholtz,CM++,SV Elversberg,Germany,Bundesliga 2,64,64,53,61,67,59,62,-1
Dylan Durivaux,Durivaux,RB++,Red Star FC,France,Ligue 2 BKT,64,85,41,50,57,57,72,-1
Xavier Dziekoński,Dziekoński,GK++,Korona Kielce,Poland,PKO BP Ekstraklasa,64,64,64,63,67,32,62,-1
George Earthy,Earthy,CAM++,Bristol City,England,EFL Championship,64,67,58,61,67,38,47,-1
Simon Eastwood,Eastwood,GK++,Oxford United,England,EFL Championship,64,64,64,63,64,50,64,-1
Tom Eaves,Eaves,ST++,Northampton,England,EFL League One,64,49,65,46,59,37,77,-1
Michael Eberwein,Eberwein,CAM++,B. Dortmund II,Germany,3. Liga,64,71,63,60,64,34,72,-1
Rarmani Edmonds-Green,Edmonds-Green,CB++,Charlton Ath,England,EFL League One,64,68,31,54,58,62,72,-1
Tayo Edun,Edun,LB++,Charlton Ath,England,EFL League One,64,74,44,57,63,60,65,-1
Curtis Edwards,Edwards,CM++,Notts County,England,EFL League Two,64,47,62,65,64,57,67,-1
Tom Edwards,Edwards,RB++,Salford City,England,EFL League Two,64,55,46,62,62,62,74,-1
Ryan Edwards,Edwards,CB++,Chennaiyin FC,England,Hero ISL,64,44,35,43,43,64,72,-1
Malamine Efekele,Efekele,RM++,Cercle Brugge,France,1A Pro League,64,86,63,55,67,19,50,-1
Unai Egiluz Arroyo,Egiluz,CB++,Athletic Club,Spain,LALIGA EA SPORTS,64,54,40,45,45,62,71,-1
Kelvin Ehibhatiomhan,Ehibhatiomhan,ST++,Reading,England,EFL League One,64,75,63,43,62,19,66,-1
Kevin Ehlers,Ehlers,CB++,Braunschweig,Germany,Bundesliga 2,64,63,29,50,52,64,68,-1
Mourad Daoudi El Ghezouani,El Ghezouani,ST++,Elche CF,Morocco,LALIGA HYPERMOTION,64,51,64,53,62,24,69,-1
Hamza El Kaouakibi,El Kaouakibi,RB++,Südtirol,Morocco,Serie BKT,64,69,42,52,61,61,66,-1
Rodney Elongo-Yombo,Elongo-Yombo,ST++,B. Dortmund II,Germany,3. Liga,64,79,59,57,68,41,71,-1
Xian Emmers,Emmers,CM++,FC Rapid 1923,Belgium,SUPERLIGA,64,70,57,63,65,58,65,-1
Marcel Engelhardt,Engelhardt,GK++,Holstein Kiel,Germany,Bundesliga,64,69,58,61,67,46,64,-1
Ramón Enríquez Rodríguez,Ramón Enríquez,CM++,Málaga CF,Spain,LALIGA HYPERMOTION,64,66,61,64,62,58,64,-1
Matthieu Epolo,Epolo,GK++,Standard Liège,Belgium,1A Pro League,64,66,65,59,66,32,59,-1
Carlos Niño Espínola,Espínola,RB++,Olimpia,Paraguay,Sudamericana,64,78,34,50,54,62,65,-1
Romain Esse,Esse,RM++,Millwall,England,EFL Championship,64,73,53,59,68,47,56,-1
João Tomé Esteves Baptista,João Tomé,RB++,Rio Ave FC,Portugal,Liga Portugal,64,69,42,54,61,60,63,-1
Pascal Estrada,Estrada,CB++,SCR Altach,Austria,Ö. Bundesliga,64,60,43,52,56,64,68,-1
Sultan Farhan,Farhan,CDM++,Al Taawoun,Saudi Arabia,ROSHN Saudi League,64,63,42,51,57,61,78,-1
Ángel Faría,Faría,RB++,Rayo Zuliano,Venezuela,Sudamericana,64,66,41,57,61,62,56,-1
Chico Faria Camará Lamba,Chico Lamba,CB++,Arouca,Portugal,Liga Portugal,64,66,43,48,56,63,70,-1
Paul Farman,Farman,GK++,Barrow,England,EFL League Two,64,64,58,64,65,43,65,-1
Priestley Farquharson,Farquharson,CB++,Walsall,England,EFL League Two,64,63,33,38,42,62,79,-1
Costantino Favasuli,Favasuli,CM++,Bari,Italy,Serie BKT,64,61,55,64,64,59,55,-1
Kevin Felida,Felida,CDM++,RKC Waalwijk,Curaçao,Eredivisie,64,64,48,57,61,61,67,-1
Joel Felix,Felix,CB++,Arminia Bielefeld,Denmark,3. Liga,64,50,39,48,50,64,70,-1
Gustavo Fernández,Fernández,ST++,Dep. Riestra,Argentina,LPF,64,69,61,58,64,29,63,-1
Brian Ferrares,Ferrares,CB++,Cerro Largo,Uruguay,Sudamericana,64,61,23,50,33,67,64,-1
Ignacio Ferri Julià,Nacho Ferri,ST++,KV Kortrijk,Spain,1A Pro League,64,69,65,49,57,27,66,-1
Haitam Abaida El Achhab,Abaida El Achhab,LM++,Málaga CF,Morocco,LALIGA HYPERMOTION,64,80,56,58,68,25,47,-1
Mohammed Abbas,Abbas,CM++,Al Ain FC,United Arab Emirates,United Emirates League,64,65,49,61,66,55,54,-1
Hakim Abdallah,Abdallah,ST++,FC Dinamo 1948,Madagascar,SUPERLIGA,64,77,62,56,61,36,80,-1
Samuel Abifade,Abifade,LM++,SV Waldhof,Germany,3. Liga,64,84,53,54,68,32,68,-1
Asumah Abubakar-Ankrah,Asumah Abubakar,ST++,Grasshopper Club,Portugal,CSSL,64,82,62,57,67,38,64,-1
Kevin Ackermann,Ackermann,CM++,Brommapojkarna,Sweden,Allsvenskan,64,60,57,59,62,65,79,-1
Diego Acosta,Acosta,ST++,Sportivo Luqueño,Paraguay,Sudamericana,64,64,68,43,68,24,50,-1
Tayo Adaramola,Adaramola,LB++,Stockport,Republic of Ireland,EFL League One,64,82,50,52,64,59,59,-1
Jonas Adjetey,Adjetey,CB++,FC Basel 1893,Ghana,CSSL,64,70,23,43,45,64,65,-1
Albert Adomah,Adomah,RM++,Walsall,Ghana,EFL League Two,64,65,61,63,65,61,57,-1
Adnan Aganović,Aganović,CM++,Unirea Slobozia,Croatia,SUPERLIGA,64,57,59,69,64,46,66,-1
Dan Agyei,Agyei,ST++,Leyton Orient,England,EFL League One,64,81,61,52,65,34,76,-1
Ali Ahmed,Ahmed,CM++,Whitecaps FC,Canada,MLS,64,75,55,60,66,61,63,-1
Ange Ahoussou,Ahoussou,CB++,Pau FC,Côte d'Ivoire,Ligue 2 BKT,64,61,33,40,51,64,67,-1
Jack Aitchison,Aitchison,CAM++,Exeter City,Scotland,EFL League One,64,82,60,60,65,26,47,-1
Ahmed Al Ghamdi,Al Ghamdi,LM++,Al Ittihad,Saudi Arabia,ROSHN Saudi League,64,83,59,55,69,41,58,-1
Abdullah Al Hafith,Al Hafith,CB++,Al Wehda,Saudi Arabia,ROSHN Saudi League,64,32,36,50,45,64,74,-1
Nader Al Sharari,Al Sharari,CB++,Al Shabab,Saudi Arabia,ROSHN Saudi League,64,71,25,47,43,64,73,-1
Francisco Alarcón,Alarcón,CB++,Cobresal,Chile,Libertadores,64,44,30,37,39,62,79,-1
Agustín Albarracín,Albarracín,LW++,Wanderers,Uruguay,Sudamericana,64,65,67,59,65,40,50,-1
Tom Aldred,Aldred,CB++,ATK Mohun Bagan,Scotland,Hero ISL,64,36,35,45,46,62,82,-1
Kerim Alıcı,Alıcı,RB++,Hatayspor,Türkiye,Trendyol Süper Lig,64,72,49,58,63,63,62,-1
Noah Allen,Allen,LB++,Inter Miami CF,United States,MLS,64,78,40,53,61,61,64,-1
Gustavo Almada,Almada,GK++,Universitario,Paraguay,Sudamericana,64,62,64,61,63,21,64,-1
Romeo Amane,Amane,CM++,BK Häcken,Côte d'Ivoire,Allsvenskan,64,80,53,61,70,57,67,-1
Ben Amos,Amos,GK++,Port Vale,England,EFL League Two,64,63,65,67,62,46,62,-1
Youssef Amyn,Amyn,CAM++,Braunschweig,Iraq,Bundesliga 2,64,74,59,57,71,40,43,-1
Costin Amzăr,Amzăr,LB++,FC Dinamo 1948,Romania,SUPERLIGA,64,91,42,52,64,54,68,-1
Joseph Anang,Anang,GK++,St. Pats,England,SSE Airtricity PD,64,64,62,64,63,33,64,-1
Bruce Anderson,Anderson,ST++,Kilmarnock,Scotland,cinch Prem,64,77,64,51,64,19,62,-1
Jorge Andia,Andia,CDM++,Nacional Potosí,Bolivia,Sudamericana,64,53,56,58,58,58,69,-1
Chuks Aneke,Aneke,ST++,Charlton Ath,England,EFL League One,64,53,63,57,61,45,79,-1
Louis Appéré,Appéré,ST++,Stevenage,Scotland,EFL League One,64,81,62,62,66,46,78,-1
Jordan Archer,Archer,GK++,Portsmouth,Scotland,EFL Championship,64,64,63,64,64,43,65,-1
Ricard Artero Ruiz,Ricard Artero,CAM++,Girona FC,Spain,LALIGA EA SPORTS,64,68,60,61,65,57,58,-1
Mauricio Asenjo,Asenjo,ST++,Ind. Rivadavia,Argentina,LPF,64,58,65,39,64,34,68,-1
Josh Atencio,Atencio,CDM++,Sounders FC,United States,MLS,64,64,46,52,54,66,74,-1
Brandon Austin,Austin,GK++,Spurs,England,Premier League,64,69,63,55,62,41,64,-1
Jorge Filipe Avelino Teixeira,Jorge Teixeira,CB++,AVS Futebol SAD,Portugal,Liga Portugal,64,32,41,57,44,64,69,-1
Mahamadou Ba,Ba,CDM++,Adana Demirspor,Mali,Trendyol Süper Lig,64,71,55,56,63,61,63,-1
Juraj Badelj,Badelj,CB++,Univ. Craiova,Croatia,SUPERLIGA,64,70,27,40,45,62,71,-1
Bilal Bafdili,Bafdili,CAM++,KV Mechelen,Belgium,1A Pro League,64,73,55,61,71,39,41,-1
Owen Bailey,Bailey,CDM++,Doncaster,England,EFL League Two,64,61,41,56,55,60,78,-1
Gali Balanta,Balanta,GK++,Deportes Tolima,Colombia,Sudamericana,64,64,67,61,65,40,61,-1
Agustín Baldi,Baldi,CDM++,Belgrano,Argentina,Sudamericana,64,53,54,58,62,63,63,-1
Jack Baldwin,Baldwin,CB++,Northampton,England,EFL League One,64,57,40,51,55,63,71,-1
Samuel Ballet,Ballet,RM++,Como,Switzerland,Serie A TIM,64,78,60,55,65,22,72,-1
Samuel Bamba,Bamba,LM++,VfL Bochum,Germany,Bundesliga,64,80,50,57,69,24,44,-1
Nahuel Banegas,Banegas,LB++,Tigre,Argentina,LPF,64,68,44,53,55,62,69,-1
Jaydon Banel,Banel,LW++,Ajax,Netherlands,Eredivisie,64,79,56,56,67,29,48,-1
Nir Bardea,Bardea,CB++,Sepsi OSK,Israel,SUPERLIGA,64,56,35,46,44,64,72,-1
Gabriel Barès,Barès,CM++,Montpellier,Switzerland,Ligue 1 Uber Eats,64,60,49,64,63,60,64,-1
Óscar Barreto,Barreto,CM++,UCV,Colombia,Sudamericana,64,69,59,63,68,47,56,-1
Hamza Barry,Barry,CM++,Vejle Boldklub,Gambia,3F Superliga,64,62,57,61,64,58,62,-1
Jan-Christoph Bartels,Bartels,GK++,SV Waldhof,Germany,3. Liga,64,66,63,61,68,38,65,-1
Ethan Bartlow,Bartlow,CB++,Houston Dynamo,United States,MLS,64,62,34,39,45,64,71,-1
